<configuration>
    <conversionRule conversionWord="coloredLevel" converterClass="ch.qos.logback.classic.pattern.LevelConverter" />
    <appender name="STDOUT" class="ch.qos.logback.core.ConsoleAppender">
        <encoder>
            <pattern>[%highlight(%-5level)][%black(%d{HH:mm:ss.SSS})][%thread] %cyan(%logger{36}) - %msg%n</pattern>
            <charset>UTF8</charset>
        </encoder>
    </appender>

    <root level="debug">
        <appender-ref ref="STDOUT" />
    </root>
</configuration>